Unnamed: 0,SubjectID,HasOutput,HasHTML,NoErrorsToReport,HasFuncDir,HasBold,ProducedFuncDir,RanSurfBold,RanVolBold,HasErrorFile,RuntimeErrorDescription,OSErrorDescription,CommandErrorDescription,HadScratchSpace,HadRAMSpace,HadDiskSpace,FinishedSuccessfully,ValueError,ConnectionOpenFailError,Broken Pipe,HasT1
0,sub-102041,True,True,True,True,True,True,True,True,True,No Runtime Error,No OS Error,No Command Error,True,True,True,True,False,False,False,True
0,sub-103679,True,True,True,True,True,True,True,True,True,No Runtime Error,No OS Error,No Command Error,True,True,True,True,False,False,False,True
0,sub-104059,True,True,True,True,True,True,True,True,True,No Runtime Error,No OS Error,No Command Error,True,True,True,True,False,False,False,True
0,sub-104235,True,True,True,True,True,True,True,True,True,No Runtime Error,No OS Error,No Command Error,True,True,True,True,False,False,False,True
0,sub-104785,True,True,True,True,True,True,True,True,True,No Runtime Error,No OS Error,No Command Error,True,True,True,True,False,False,False,True
0,sub-105168,True,True,True,True,True,True,True,True,True,No Runtime Error,No OS Error,No Command Error,True,True,True,True,False,False,False,True
0,sub-105176,True,True,True,True,True,True,True,True,True,No Runtime Error,No OS Error,No Command Error,True,True,True,True,False,False,False,True
0,sub-105309,True,True,True,True,True,True,True,True,True,No Runtime Error,No OS Error,No Command Error,True,True,True,True,False,False,False,True
0,sub-105767,True,True,True,True,True,True,True,True,True,No Runtime Error,No OS Error,No Command Error,True,True,True,True,False,False,False,True
0,sub-105860,True,True,True,True,True,True,True,True,True,No Runtime Error,No OS Error,No Command Error,True,True,True,True,False,False,False,True
0,sub-105979,True,True,True,True,True,True,True,True,True,No Runtime Error,No OS Error,No Command Error,True,True,True,True,False,False,False,True
0,sub-106039,True,True,True,True,True,True,True,True,True,No Runtime Error,No OS Error,No Command Error,True,True,True,True,False,False,False,True
0,sub-106246,True,True,True,True,True,True,True,True,True,No Runtime Error,No OS Error,No Command Error,True,True,True,True,False,False,False,True
0,sub-106331,True,True,True,True,True,True,True,True,True,No Runtime Error,No OS Error,No Command Error,True,True,True,True,False,False,False,True
0,sub-106802,True,True,True,True,True,True,True,True,True,No Runtime Error,No OS Error,No Command Error,True,True,True,True,False,False,False,True
0,sub-106880,True,True,True,True,True,True,True,True,True,No Runtime Error,No OS Error,No Command Error,True,True,True,True,False,False,False,True
0,sub-107055,True,True,True,True,True,True,True,True,True,No Runtime Error,No OS Error,No Command Error,True,True,True,True,False,False,False,True
0,sub-108202,True,True,True,True,True,True,True,True,True,No Runtime Error,No OS Error,No Command Error,True,True,True,True,False,False,False,True
0,sub-109521,True,True,True,True,True,True,True,True,True,No Runtime Error,No OS Error,No Command Error,True,True,True,True,False,False,False,True
0,sub-109646,True,True,True,True,True,True,True,True,True,No Runtime Error,No OS Error,No Command Error,True,True,True,True,False,False,False,True
0,sub-109735,True,True,True,True,True,True,True,True,True,No Runtime Error,No OS Error,No Command Error,True,True,True,True,False,False,False,True
0,sub-110168,True,True,True,True,True,True,True,True,True,No Runtime Error,No OS Error,No Command Error,True,True,True,True,False,False,False,True
0,sub-110354,True,True,True,True,True,True,True,True,True,No Runtime Error,No OS Error,No Command Error,True,True,True,True,False,False,False,True
0,sub-110828,True,True,True,True,True,True,True,True,True,No Runtime Error,No OS Error,No Command Error,True,True,True,True,False,False,False,True
0,sub-112028,True,True,True,True,True,True,True,True,True,No Runtime Error,No OS Error,No Command Error,True,True,True,True,False,False,False,True
0,sub-112061,True,True,True,True,True,True,True,True,True,No Runtime Error,No OS Error,No Command Error,True,True,True,True,False,False,False,True
0,sub-112126,True,True,True,True,True,True,True,True,True,No Runtime Error,No OS Error,No Command Error,True,True,True,True,False,False,False,True
0,sub-112249,True,True,True,True,True,True,True,True,True,No Runtime Error,No OS Error,No Command Error,True,True,True,True,False,False,False,True
0,sub-112332,True,True,True,True,True,True,True,True,True,No Runtime Error,No OS Error,No Command Error,True,True,True,True,False,False,False,True
0,sub-112694,True,True,True,True,True,True,True,True,True,No Runtime Error,No OS Error,No Command Error,True,True,True,True,False,False,False,True
0,sub-113111,True,True,True,True,True,True,True,True,True,No Runtime Error,No OS Error,No Command Error,True,True,True,True,False,False,False,True
0,sub-114709,True,True,True,True,True,True,True,True,True,No Runtime Error,No OS Error,No Command Error,True,True,True,True,False,False,False,True
0,sub-114713,True,True,True,True,True,True,True,True,True,No Runtime Error,No OS Error,No Command Error,True,True,True,True,False,False,False,True
0,sub-114723,True,True,True,True,True,True,True,True,True,No Runtime Error,No OS Error,No Command Error,True,True,True,True,False,False,False,True
0,sub-114935,True,True,True,True,True,True,True,True,True,No Runtime Error,No OS Error,No Command Error,True,True,True,True,False,False,False,True
0,sub-114990,True,True,True,True,True,True,True,True,True,No Runtime Error,No OS Error,No Command Error,True,True,True,True,False,False,False,True
0,sub-115800,True,True,True,True,True,True,True,True,True,No Runtime Error,No OS Error,No Command Error,True,True,True,True,False,False,False,True
0,sub-116019,True,True,True,True,True,True,True,True,True,No Runtime Error,No OS Error,No Command Error,True,True,True,True,False,False,False,True
0,sub-116051,True,True,True,True,True,True,True,True,True,No Runtime Error,No OS Error,No Command Error,True,True,True,True,False,False,False,True
0,sub-116210,True,True,True,True,True,True,True,True,True,No Runtime Error,No OS Error,No Command Error,True,True,True,True,False,False,False,True
0,sub-116354,True,True,True,True,True,True,True,True,True,No Runtime Error,No OS Error,No Command Error,True,True,True,True,False,False,False,True
0,sub-116360,True,True,True,True,True,True,True,True,True,No Runtime Error,No OS Error,No Command Error,True,True,True,True,False,False,False,True
0,sub-117226,True,True,True,True,True,True,True,True,True,No Runtime Error,No OS Error,No Command Error,True,True,True,True,False,False,False,True
0,sub-117397,True,True,True,True,True,True,True,True,True,No Runtime Error,No OS Error,No Command Error,True,True,True,True,False,False,False,True
0,sub-118393,True,True,True,True,True,True,True,True,True,No Runtime Error,No OS Error,No Command Error,True,True,True,True,False,False,False,True
0,sub-118864,True,True,True,True,True,True,True,True,True,No Runtime Error,No OS Error,No Command Error,True,True,True,True,False,False,False,True
0,sub-118990,True,True,True,True,True,True,True,True,True,No Runtime Error,No OS Error,No Command Error,True,True,True,True,False,False,False,True
0,sub-119302,True,True,True,True,True,True,True,True,True,No Runtime Error,No OS Error,No Command Error,True,True,True,True,False,False,False,True
0,sub-119791,True,True,True,True,True,True,True,True,True,No Runtime Error,No OS Error,No Command Error,True,True,True,True,False,False,False,True
0,sub-120217,True,True,True,True,True,True,True,True,True,No Runtime Error,No OS Error,No Command Error,True,True,True,True,False,False,False,True
0,sub-120562,True,True,True,True,True,True,True,True,True,No Runtime Error,No OS Error,No Command Error,True,True,True,True,False,False,False,True
0,sub-121001,True,True,True,True,True,True,True,True,True,No Runtime Error,No OS Error,No Command Error,True,True,True,True,False,False,False,True
0,sub-121050,True,True,True,True,True,True,True,True,True,No Runtime Error,No OS Error,No Command Error,True,True,True,True,False,False,False,True
0,sub-121085,True,True,True,True,True,True,True,True,True,No Runtime Error,No OS Error,No Command Error,True,True,True,True,False,False,False,True
0,sub-121407,True,True,True,True,True,True,True,True,True,No Runtime Error,No OS Error,No Command Error,True,True,True,True,False,False,False,True
0,sub-121476,True,True,True,True,True,True,True,True,True,No Runtime Error,No OS Error,No Command Error,True,True,True,True,False,False,False,True
0,sub-121670,True,True,True,True,True,True,True,True,True,No Runtime Error,No OS Error,No Command Error,True,True,True,True,False,False,False,True
0,sub-122522,True,True,True,True,True,True,True,True,True,No Runtime Error,No OS Error,No Command Error,True,True,True,True,False,False,False,True
0,sub-122528,True,True,True,True,True,True,True,True,True,No Runtime Error,No OS Error,No Command Error,True,True,True,True,False,False,False,True
0,sub-122801,True,True,True,True,True,True,True,True,True,No Runtime Error,No OS Error,No Command Error,True,True,True,True,False,False,False,True
0,sub-122916,True,True,True,True,True,True,True,True,True,No Runtime Error,No OS Error,No Command Error,True,True,True,True,False,False,False,True
0,sub-125511,True,True,True,True,True,True,True,True,True,No Runtime Error,No OS Error,No Command Error,True,True,True,True,False,False,False,True
0,sub-125535,True,True,True,True,True,True,True,True,True,No Runtime Error,No OS Error,No Command Error,True,True,True,True,False,False,False,True
0,sub-125554,True,True,True,True,True,True,True,True,True,No Runtime Error,No OS Error,No Command Error,True,True,True,True,False,False,False,True
0,sub-126176,True,True,True,True,True,True,True,True,True,No Runtime Error,No OS Error,No Command Error,True,True,True,True,False,False,False,True
0,sub-126389,True,True,True,True,True,True,True,True,True,No Runtime Error,No OS Error,No Command Error,True,True,True,True,False,False,False,True
0,sub-126554,True,True,True,True,True,True,True,True,True,No Runtime Error,No OS Error,No Command Error,True,True,True,True,False,False,False,True
0,sub-126903,True,True,True,True,True,True,True,True,True,No Runtime Error,No OS Error,No Command Error,True,True,True,True,False,False,False,True
0,sub-126921,True,True,True,True,True,True,True,True,True,No Runtime Error,No OS Error,No Command Error,True,True,True,True,False,False,False,True
0,sub-127008,True,True,True,True,True,True,True,True,True,No Runtime Error,No OS Error,No Command Error,True,True,True,True,False,False,False,True
0,sub-127236,True,True,True,True,True,True,True,True,True,No Runtime Error,No OS Error,No Command Error,True,True,True,True,False,False,False,True
0,sub-127305,True,True,True,True,True,True,True,True,True,No Runtime Error,No OS Error,No Command Error,True,True,True,True,False,False,False,True
0,sub-127417,True,True,True,True,True,True,True,True,True,No Runtime Error,No OS Error,No Command Error,True,True,True,True,False,False,False,True
0,sub-127542,True,True,True,True,True,True,True,True,True,No Runtime Error,No OS Error,No Command Error,True,True,True,True,False,False,False,True
0,sub-127611,True,True,True,True,True,True,True,True,True,No Runtime Error,No OS Error,No Command Error,True,True,True,True,False,False,False,True
0,sub-128061,True,True,True,True,True,True,True,True,True,No Runtime Error,No OS Error,No Command Error,True,True,True,True,False,False,False,True
0,sub-128154,True,True,True,True,True,True,True,True,True,No Runtime Error,No OS Error,No Command Error,True,True,True,True,False,False,False,True
0,sub-129354,True,True,True,True,True,True,True,True,True,No Runtime Error,No OS Error,No Command Error,True,True,True,True,False,False,False,True
0,sub-129405,True,True,True,True,True,True,True,True,True,No Runtime Error,No OS Error,No Command Error,True,True,True,True,False,False,False,True
0,sub-129552,True,True,True,True,True,True,True,True,True,No Runtime Error,No OS Error,No Command Error,True,True,True,True,False,False,False,True
0,sub-129720,True,True,True,True,True,True,True,True,True,No Runtime Error,No OS Error,No Command Error,True,True,True,True,False,False,False,True
0,sub-129886,True,True,True,True,True,True,True,True,True,No Runtime Error,No OS Error,No Command Error,True,True,True,True,False,False,False,True
0,sub-129926,True,True,True,True,True,True,True,True,True,No Runtime Error,No OS Error,No Command Error,True,True,True,True,False,False,False,True
0,sub-130121,True,True,True,True,True,True,True,True,True,No Runtime Error,No OS Error,No Command Error,True,True,True,True,False,False,False,True
0,sub-130211,True,True,True,True,True,True,True,True,True,No Runtime Error,No OS Error,No Command Error,True,True,True,True,False,False,False,True
0,sub-130687,True,True,True,True,True,True,True,True,True,No Runtime Error,No OS Error,No Command Error,True,True,True,True,False,False,False,True
0,sub-130759,True,True,True,True,True,True,True,True,True,No Runtime Error,No OS Error,No Command Error,True,True,True,True,False,False,False,True
0,sub-130896,True,True,True,True,True,True,True,True,True,No Runtime Error,No OS Error,No Command Error,True,True,True,True,False,False,False,True
0,sub-131224,True,True,True,True,True,True,True,True,True,No Runtime Error,No OS Error,No Command Error,True,True,True,True,False,False,False,True
0,sub-131867,True,True,True,True,True,True,True,True,True,No Runtime Error,No OS Error,No Command Error,True,True,True,True,False,False,False,True
0,sub-132179,True,True,True,True,True,True,True,True,True,No Runtime Error,No OS Error,No Command Error,True,True,True,True,False,False,False,True
0,sub-132224,True,True,True,True,True,True,True,True,True,No Runtime Error,No OS Error,No Command Error,True,True,True,True,False,False,False,True
0,sub-132657,True,True,True,True,True,True,True,True,True,No Runtime Error,No OS Error,No Command Error,True,True,True,True,False,False,False,True
0,sub-133220,True,True,True,True,True,True,True,True,True,No Runtime Error,No OS Error,No Command Error,True,True,True,True,False,False,False,True
0,sub-139272,True,True,True,True,True,True,True,True,True,No Runtime Error,No OS Error,No Command Error,True,True,True,True,False,False,False,True
0,sub-19977,True,True,True,True,True,True,True,True,True,No Runtime Error,No OS Error,No Command Error,True,True,True,True,False,False,False,True
0,sub-19981,True,True,True,True,True,True,True,True,True,No Runtime Error,No OS Error,No Command Error,True,True,True,True,False,False,False,True
0,sub-20011,True,True,True,True,True,True,True,True,True,No Runtime Error,No OS Error,No Command Error,True,True,True,True,False,False,False,True
0,sub-20017,True,True,True,True,True,True,True,True,True,No Runtime Error,No OS Error,No Command Error,True,True,True,True,False,False,False,True
0,sub-20120,True,True,True,True,True,True,True,True,True,No Runtime Error,No OS Error,No Command Error,True,True,True,True,False,False,False,True
0,sub-20151,True,True,True,True,True,True,True,True,True,No Runtime Error,No OS Error,No Command Error,True,True,True,True,False,False,False,True
0,sub-20153,True,True,True,True,True,True,True,True,True,No Runtime Error,No OS Error,No Command Error,True,True,True,True,False,False,False,True
0,sub-20189,True,True,True,True,True,True,True,True,True,No Runtime Error,No OS Error,No Command Error,True,True,True,True,False,False,False,True
0,sub-20197,True,True,True,True,True,True,True,True,True,No Runtime Error,No OS Error,No Command Error,True,True,True,True,False,False,False,True
0,sub-20247,True,True,True,True,True,True,True,True,True,No Runtime Error,No OS Error,No Command Error,True,True,True,True,False,False,False,True
0,sub-20313,True,True,True,True,True,True,True,True,True,No Runtime Error,No OS Error,No Command Error,True,True,True,True,False,False,False,True
0,sub-20320,True,True,True,True,True,True,True,True,True,No Runtime Error,No OS Error,No Command Error,True,True,True,True,False,False,False,True
0,sub-20322,True,True,True,True,True,True,True,True,True,No Runtime Error,No OS Error,No Command Error,True,True,True,True,False,False,False,True
0,sub-20325,True,True,True,True,True,True,True,True,True,No Runtime Error,No OS Error,No Command Error,True,True,True,True,False,False,False,True
0,sub-20326,True,True,True,True,True,True,True,True,True,No Runtime Error,No OS Error,No Command Error,True,True,True,True,False,False,False,True
0,sub-20327,True,True,True,True,True,True,True,True,True,No Runtime Error,No OS Error,No Command Error,True,True,True,True,False,False,False,True
0,sub-20362,True,True,True,True,True,True,True,True,True,No Runtime Error,No OS Error,No Command Error,True,True,True,True,False,False,False,True
0,sub-20386,True,True,True,True,True,True,True,True,True,No Runtime Error,No OS Error,No Command Error,True,True,True,True,False,False,False,True
0,sub-20387,True,True,True,True,True,True,True,True,True,No Runtime Error,No OS Error,No Command Error,True,True,True,True,False,False,False,True
0,sub-20461,True,True,True,True,True,True,True,True,True,No Runtime Error,No OS Error,No Command Error,True,True,True,True,False,False,False,True
0,sub-20589,True,True,True,True,True,True,True,True,True,No Runtime Error,No OS Error,No Command Error,True,True,True,True,False,False,False,True
0,sub-20649,True,True,True,True,True,True,True,True,True,No Runtime Error,No OS Error,No Command Error,True,True,True,True,False,False,False,True
0,sub-20699,True,True,True,True,True,True,True,True,True,No Runtime Error,No OS Error,No Command Error,True,True,True,True,False,False,False,True
0,sub-20809,True,True,True,True,True,True,True,True,True,No Runtime Error,No OS Error,No Command Error,True,True,True,True,False,False,False,True
0,sub-20888,True,True,True,True,True,True,True,True,True,No Runtime Error,No OS Error,No Command Error,True,True,True,True,False,False,False,True
0,sub-20940,True,True,True,True,True,True,True,True,True,No Runtime Error,No OS Error,No Command Error,True,True,True,True,False,False,False,True
0,sub-20941,True,True,True,True,True,True,True,True,True,No Runtime Error,No OS Error,No Command Error,True,True,True,True,False,False,False,True
0,sub-20949,True,True,True,True,True,True,True,True,True,No Runtime Error,No OS Error,No Command Error,True,True,True,True,False,False,False,True
0,sub-20963,True,True,True,True,True,True,True,True,True,No Runtime Error,No OS Error,No Command Error,True,True,True,True,False,False,False,True
0,sub-20974,True,True,True,True,True,True,True,True,True,No Runtime Error,No OS Error,No Command Error,True,True,True,True,False,False,False,True
0,sub-20981,True,True,True,True,True,True,True,True,True,No Runtime Error,No OS Error,No Command Error,True,True,True,True,False,False,False,True
0,sub-21016,True,True,True,True,True,True,True,True,True,No Runtime Error,No OS Error,No Command Error,True,True,True,True,False,False,False,True
0,sub-21056,True,True,True,True,True,True,True,True,True,No Runtime Error,No OS Error,No Command Error,True,True,True,True,False,False,False,True
0,sub-21059,True,True,True,True,True,True,True,True,True,No Runtime Error,No OS Error,No Command Error,True,True,True,True,False,False,False,True
0,sub-21085,True,True,True,True,True,True,True,True,True,No Runtime Error,No OS Error,No Command Error,True,True,True,True,False,False,False,True
0,sub-80557,True,True,True,True,True,True,True,True,True,No Runtime Error,No OS Error,No Command Error,True,True,True,True,False,False,False,True
0,sub-80688,True,True,True,True,True,True,True,True,True,No Runtime Error,No OS Error,No Command Error,True,True,True,True,False,False,False,True
0,sub-81725,True,True,True,True,True,True,True,True,True,No Runtime Error,No OS Error,No Command Error,True,True,True,True,False,False,False,True
0,sub-81760,True,True,True,True,True,True,True,True,True,No Runtime Error,No OS Error,No Command Error,True,True,True,True,False,False,False,True
0,sub-82051,True,True,True,True,True,True,True,True,True,No Runtime Error,No OS Error,No Command Error,True,True,True,True,False,False,False,True
0,sub-82063,True,True,True,True,True,True,True,True,True,No Runtime Error,No OS Error,No Command Error,True,True,True,True,False,False,False,True
0,sub-82492,True,True,True,True,True,True,True,True,True,No Runtime Error,No OS Error,No Command Error,True,True,True,True,False,False,False,True
0,sub-82790,True,True,True,True,True,True,True,True,True,No Runtime Error,No OS Error,No Command Error,True,True,True,True,False,False,False,True
0,sub-83010,True,True,True,True,True,True,True,True,True,No Runtime Error,No OS Error,No Command Error,True,True,True,True,False,False,False,True
0,sub-83372,True,True,True,True,True,True,True,True,True,No Runtime Error,No OS Error,No Command Error,True,True,True,True,False,False,False,True
0,sub-83454,True,True,True,True,True,True,True,True,True,No Runtime Error,No OS Error,No Command Error,True,True,True,True,False,False,False,True
0,sub-83835,True,True,True,True,True,True,True,True,True,No Runtime Error,No OS Error,No Command Error,True,True,True,True,False,False,False,True
0,sub-83999,True,True,True,True,True,True,True,True,True,No Runtime Error,No OS Error,No Command Error,True,True,True,True,False,False,False,True
0,sub-84103,True,True,True,True,True,True,True,True,True,No Runtime Error,No OS Error,No Command Error,True,True,True,True,False,False,False,True
0,sub-84354,True,True,True,True,True,True,True,True,True,No Runtime Error,No OS Error,No Command Error,True,True,True,True,False,False,False,True
0,sub-84688,True,True,True,True,True,True,True,True,True,No Runtime Error,No OS Error,No Command Error,True,True,True,True,False,False,False,True
0,sub-84761,True,True,True,True,True,True,True,True,True,No Runtime Error,No OS Error,No Command Error,True,True,True,True,False,False,False,True
0,sub-84973,True,True,True,True,True,True,True,True,True,No Runtime Error,No OS Error,No Command Error,True,True,True,True,False,False,False,True
0,sub-85083,True,True,True,True,True,True,True,True,True,No Runtime Error,No OS Error,No Command Error,True,True,True,True,False,False,False,True
0,sub-85173,True,True,True,True,True,True,True,True,True,No Runtime Error,No OS Error,No Command Error,True,True,True,True,False,False,False,True
0,sub-85369,True,True,True,True,True,True,True,True,True,No Runtime Error,No OS Error,No Command Error,True,True,True,True,False,False,False,True
0,sub-85743,True,True,True,True,True,True,True,True,True,No Runtime Error,No OS Error,No Command Error,True,True,True,True,False,False,False,True
0,sub-85853,True,True,True,True,True,True,True,True,True,No Runtime Error,No OS Error,No Command Error,True,True,True,True,False,False,False,True
0,sub-86287,True,True,True,True,True,True,True,True,True,No Runtime Error,No OS Error,No Command Error,True,True,True,True,False,False,False,True
0,sub-86350,True,True,True,True,True,True,True,True,True,No Runtime Error,No OS Error,No Command Error,True,True,True,True,False,False,False,True
0,sub-86444,True,True,True,True,True,True,True,True,True,No Runtime Error,No OS Error,No Command Error,True,True,True,True,False,False,False,True
0,sub-86486,True,True,True,True,True,True,True,True,True,No Runtime Error,No OS Error,No Command Error,True,True,True,True,False,False,False,True
0,sub-86722,True,True,True,True,True,True,True,True,True,No Runtime Error,No OS Error,No Command Error,True,True,True,True,False,False,False,True
0,sub-86924,True,True,True,True,True,True,True,True,True,No Runtime Error,No OS Error,No Command Error,True,True,True,True,False,False,False,True
0,sub-86972,True,True,True,True,True,True,True,True,True,No Runtime Error,No OS Error,No Command Error,True,True,True,True,False,False,False,True
0,sub-87135,True,True,True,True,True,True,True,True,True,No Runtime Error,No OS Error,No Command Error,True,True,True,True,False,False,False,True
0,sub-87346,True,True,True,True,True,True,True,True,True,No Runtime Error,No OS Error,No Command Error,True,True,True,True,False,False,False,True
0,sub-87445,True,True,True,True,True,True,True,True,True,No Runtime Error,No OS Error,No Command Error,True,True,True,True,False,False,False,True
0,sub-87457,True,True,True,True,True,True,True,True,True,No Runtime Error,No OS Error,No Command Error,True,True,True,True,False,False,False,True
0,sub-87538,True,True,True,True,True,True,True,True,True,No Runtime Error,No OS Error,No Command Error,True,True,True,True,False,False,False,True
0,sub-87563,True,True,True,True,True,True,True,True,True,No Runtime Error,No OS Error,No Command Error,True,True,True,True,False,False,False,True
0,sub-87601,True,True,True,True,True,True,True,True,True,No Runtime Error,No OS Error,No Command Error,True,True,True,True,False,False,False,True
0,sub-87646,True,True,True,True,True,True,True,True,True,No Runtime Error,No OS Error,No Command Error,True,True,True,True,False,False,False,True
0,sub-87804,True,True,True,True,True,True,True,True,True,No Runtime Error,No OS Error,No Command Error,True,True,True,True,False,False,False,True
0,sub-87990,True,True,True,True,True,True,True,True,True,No Runtime Error,No OS Error,No Command Error,True,True,True,True,False,False,False,True
0,sub-88209,True,True,True,True,True,True,True,True,True,No Runtime Error,No OS Error,No Command Error,True,True,True,True,False,False,False,True
0,sub-88402,True,True,True,True,True,True,True,True,True,No Runtime Error,No OS Error,No Command Error,True,True,True,True,False,False,False,True
0,sub-88589,True,True,True,True,True,True,True,True,True,No Runtime Error,No OS Error,No Command Error,True,True,True,True,False,False,False,True
0,sub-88608,True,True,True,True,True,True,True,True,True,No Runtime Error,No OS Error,No Command Error,True,True,True,True,False,False,False,True
0,sub-88760,True,True,True,True,True,True,True,True,True,No Runtime Error,No OS Error,No Command Error,True,True,True,True,False,False,False,True
0,sub-88770,True,True,True,True,True,True,True,True,True,No Runtime Error,No OS Error,No Command Error,True,True,True,True,False,False,False,True
0,sub-88773,True,True,True,True,True,True,True,True,True,No Runtime Error,No OS Error,No Command Error,True,True,True,True,False,False,False,True
0,sub-89279,True,True,True,True,True,True,True,True,True,No Runtime Error,No OS Error,No Command Error,True,True,True,True,False,False,False,True
0,sub-89377,True,True,True,True,True,True,True,True,True,No Runtime Error,No OS Error,No Command Error,True,True,True,True,False,False,False,True
0,sub-90021,True,True,True,True,True,True,True,True,True,No Runtime Error,No OS Error,No Command Error,True,True,True,True,False,False,False,True
0,sub-90060,True,True,True,True,True,True,True,True,True,No Runtime Error,No OS Error,No Command Error,True,True,True,True,False,False,False,True
0,sub-90077,True,True,True,True,True,True,True,True,True,No Runtime Error,No OS Error,No Command Error,True,True,True,True,False,False,False,True
0,sub-90262,True,True,True,True,True,True,True,True,True,No Runtime Error,No OS Error,No Command Error,True,True,True,True,False,False,False,True
0,sub-90281,True,True,True,True,True,True,True,True,True,No Runtime Error,No OS Error,No Command Error,True,True,True,True,False,False,False,True
0,sub-90683,True,True,True,True,True,True,True,True,True,No Runtime Error,No OS Error,No Command Error,True,True,True,True,False,False,False,True
0,sub-91717,True,True,True,True,True,True,True,True,True,No Runtime Error,No OS Error,No Command Error,True,True,True,True,False,False,False,True
0,sub-91919,True,True,True,True,True,True,True,True,True,No Runtime Error,No OS Error,No Command Error,True,True,True,True,False,False,False,True
0,sub-91962,True,True,True,True,True,True,True,True,True,No Runtime Error,No OS Error,No Command Error,True,True,True,True,False,False,False,True
0,sub-92089,True,True,True,True,True,True,True,True,True,No Runtime Error,No OS Error,No Command Error,True,True,True,True,False,False,False,True
0,sub-92182,True,True,True,True,True,True,True,True,True,No Runtime Error,No OS Error,No Command Error,True,True,True,True,False,False,False,True
0,sub-92193,True,True,True,True,True,True,True,True,True,No Runtime Error,No OS Error,No Command Error,True,True,True,True,False,False,False,True
0,sub-92211,True,True,True,True,True,True,True,True,True,No Runtime Error,No OS Error,No Command Error,True,True,True,True,False,False,False,True
0,sub-92554,True,True,True,True,True,True,True,True,True,No Runtime Error,No OS Error,No Command Error,True,True,True,True,False,False,False,True
0,sub-92927,True,True,True,True,True,True,True,True,True,No Runtime Error,No OS Error,No Command Error,True,True,True,True,False,False,False,True
0,sub-93051,True,True,True,True,True,True,True,True,True,No Runtime Error,No OS Error,No Command Error,True,True,True,True,False,False,False,True
0,sub-93169,True,True,True,True,True,True,True,True,True,No Runtime Error,No OS Error,No Command Error,True,True,True,True,False,False,False,True
0,sub-93274,True,True,True,True,True,True,True,True,True,No Runtime Error,No OS Error,No Command Error,True,True,True,True,False,False,False,True
0,sub-93278,True,True,True,True,True,True,True,True,True,No Runtime Error,No OS Error,No Command Error,True,True,True,True,False,False,False,True
0,sub-93292,True,True,True,True,True,True,True,True,True,No Runtime Error,No OS Error,No Command Error,True,True,True,True,False,False,False,True
0,sub-93406,True,True,True,True,True,True,True,True,True,No Runtime Error,No OS Error,No Command Error,True,True,True,True,False,False,False,True
0,sub-93517,True,True,True,True,True,True,True,True,True,No Runtime Error,No OS Error,No Command Error,True,True,True,True,False,False,False,True
0,sub-93549,True,True,True,True,True,True,True,True,True,No Runtime Error,No OS Error,No Command Error,True,True,True,True,False,False,False,True
0,sub-93723,True,True,True,True,True,True,True,True,True,No Runtime Error,No OS Error,No Command Error,True,True,True,True,False,False,False,True
0,sub-93734,True,True,True,True,True,True,True,True,True,No Runtime Error,No OS Error,No Command Error,True,True,True,True,False,False,False,True
0,sub-93787,True,True,True,True,True,True,True,True,True,No Runtime Error,No OS Error,No Command Error,True,True,True,True,False,False,False,True
0,sub-93856,True,True,True,True,True,True,True,True,True,No Runtime Error,No OS Error,No Command Error,True,True,True,True,False,False,False,True
0,sub-94276,True,True,True,True,True,True,True,True,True,No Runtime Error,No OS Error,No Command Error,True,True,True,True,False,False,False,True
0,sub-94492,True,True,True,True,True,True,True,True,True,No Runtime Error,No OS Error,No Command Error,True,True,True,True,False,False,False,True
0,sub-94848,True,True,True,True,True,True,True,True,True,No Runtime Error,No OS Error,No Command Error,True,True,True,True,False,False,False,True
0,sub-95015,True,True,True,True,True,True,True,True,True,No Runtime Error,No OS Error,No Command Error,True,True,True,True,False,False,False,True
0,sub-95057,True,True,True,True,True,True,True,True,True,No Runtime Error,No OS Error,No Command Error,True,True,True,True,False,False,False,True
0,sub-95116,True,True,True,True,True,True,True,True,True,No Runtime Error,No OS Error,No Command Error,True,True,True,True,False,False,False,True
0,sub-95257,True,True,True,True,True,True,True,True,True,No Runtime Error,No OS Error,No Command Error,True,True,True,True,False,False,False,True
0,sub-95460,True,True,True,True,True,True,True,True,True,No Runtime Error,No OS Error,No Command Error,True,True,True,True,False,False,False,True
0,sub-96659,True,True,True,True,True,True,True,True,True,No Runtime Error,No OS Error,No Command Error,True,True,True,True,False,False,False,True
0,sub-97092,True,True,True,True,True,True,True,True,True,No Runtime Error,No OS Error,No Command Error,True,True,True,True,False,False,False,True
0,sub-97271,True,True,True,True,True,True,True,True,True,No Runtime Error,No OS Error,No Command Error,True,True,True,True,False,False,False,True
0,sub-97485,True,True,True,True,True,True,True,True,True,No Runtime Error,No OS Error,No Command Error,True,True,True,True,False,False,False,True
0,sub-97994,True,True,True,True,True,True,True,True,True,No Runtime Error,No OS Error,No Command Error,True,True,True,True,False,False,False,True
0,sub-98314,True,True,True,True,True,True,True,True,True,No Runtime Error,No OS Error,No Command Error,True,True,True,True,False,False,False,True
0,sub-98394,True,True,True,True,True,True,True,True,True,No Runtime Error,No OS Error,No Command Error,True,True,True,True,False,False,False,True
0,sub-98422,True,True,True,True,True,True,True,True,True,No Runtime Error,No OS Error,No Command Error,True,True,True,True,False,False,False,True
0,sub-98535,True,True,True,True,True,True,True,True,True,No Runtime Error,No OS Error,No Command Error,True,True,True,True,False,False,False,True
0,sub-98567,True,True,True,True,True,True,True,True,True,No Runtime Error,No OS Error,No Command Error,True,True,True,True,False,False,False,True
0,sub-98831,True,True,True,True,True,True,True,True,True,No Runtime Error,No OS Error,No Command Error,True,True,True,True,False,False,False,True
0,sub-98871,True,True,True,True,True,True,True,True,True,No Runtime Error,No OS Error,No Command Error,True,True,True,True,False,False,False,True
0,sub-99352,True,True,True,True,True,True,True,True,True,No Runtime Error,No OS Error,No Command Error,True,True,True,True,False,False,False,True
0,sub-99604,True,True,True,True,True,True,True,True,True,No Runtime Error,No OS Error,No Command Error,True,True,True,True,False,False,False,True
0,sub-99949,True,True,True,True,True,True,True,True,True,No Runtime Error,No OS Error,No Command Error,True,True,True,True,False,False,False,True
0,sub-99964,True,True,True,True,True,True,True,True,True,No Runtime Error,No OS Error,No Command Error,True,True,True,True,False,False,False,True
